comments,created_time,id,link,message,reactions_angry,reactions_haha,reactions_like,reactions_love,reactions_sad,reactions_wow,shares,story
0,2017-12-15T04:00:00+0000,146241435387419_1815241228487423,https://www.facebook.com/bobbibrown.sg/photos/a.147802145231348.25928.146241435387419/1815241018487444/?type=3,"That moment when you're finally done with your makeup and you see this mess on your vanity! :P

What can we say‚Ä¶beauty does come with a price - in this case, this mess of shimmer and colour is worth it!

#BobbiBrown #BobbiBrownSG",0,0,62,1,0,0,,
1,2017-12-13T04:00:00+0000,146241435387419_1815240251820854,https://www.facebook.com/bobbibrown.sg/videos/1815240058487540/,"Get your hands on the versatile Shimmer Brick - It's one of our essentials that can help spice up an otherwise plain makeup look. 

#BobbiBrown #BobbiBrownSG",0,0,42,0,0,0,2.0,
0,2017-12-11T04:00:00+0000,146241435387419_1815238505154362,https://www.facebook.com/bobbibrown.sg/videos/1815238251821054/,"Never run out of shades to try with the Mini Luxe Lip set! 

With 10 different shades to wear, You can wear out a different lip every day of the week (and even have some spares)!

#BobbiBrown #BobbiBrownSG",0,0,14,0,0,0,1.0,
2,2017-12-10T04:00:00+0000,146241435387419_1815237331821146,https://www.facebook.com/bobbibrown.sg/photos/a.147802145231348.25928.146241435387419/1815237038487842/?type=3,"A little extra touch of gold doesn't hurt, especially during this festive period! 

The new individual Luxe Eyeshadow cubes don't only look good on your lids, they add a gorgeous flair to your makeup stash too! 

#BobbiBrown #BobbiBrownSG",0,0,118,10,0,2,2.0,
7,2017-12-07T04:00:00+0000,146241435387419_1815236271821252,https://www.facebook.com/bobbibrown.sg/photos/a.147802145231348.25928.146241435387419/1815235995154613/?type=3,"Ladies, can you guess what's housed in the golden cube? 

We'll give you a hint: think lots of glitter and pigment!

#BobbiBrown #BobbiBrownSG",0,0,260,14,0,7,2.0,
0,2017-12-05T04:00:00+0000,146241435387419_1815234361821443,https://www.facebook.com/bobbibrown.sg/videos/1815234275154785/,"Play up your lip colour your way! We get it‚Ä¶some days you might feel like putting on a nude pink lip and on others you just want to wear a bright, cheery red. 

The question is: what shade are you feeling today?

#BobbiBrown #BobbiBrownSG",0,0,4,0,0,0,1.0,
0,2017-11-24T04:00:00+0000,146241435387419_1797127730298773,https://www.facebook.com/bobbibrown.sg/photos/a.147802145231348.25928.146241435387419/1797127600298786/?type=3,"More reasons for more shopping (sans the guilt) with these Black Friday/Cyber Monday deals! Drop by our stores to see what we have up for grabs. 

#BobbiBrown #BobbiBrownSG",0,0,27,1,0,0,,
0,2017-11-22T04:00:00+0000,146241435387419_1787099994634880,https://www.facebook.com/bobbibrown.sg/photos/a.147802145231348.25928.146241435387419/1787099887968224/?type=3,"Looking to impress the woman of your dreams this Christmas? 

Try this top tip: get her a makeup care-pack! That'll help you score extra points for sure!

#BobbiBrown #BobbiBrownSG",0,0,51,4,0,0,3.0,
0,2017-11-20T04:00:00+0000,146241435387419_1797126660298880,https://www.facebook.com/bobbibrown.sg/videos/1797126386965574/,"Wing that wing liner straight out of the park with this mini duo Long-Wear Gel Eyeliner set! 

The set comes with a Mini Ultra Fine Brush as well to help you nail that sharp catliner every time. 

#BobbiBrown #BobbiBrownSG",0,0,3,0,0,0,,
2,2017-11-18T04:00:00+0000,146241435387419_1787098644635015,https://www.facebook.com/bobbibrown.sg/photos/a.147802145231348.25928.146241435387419/1787098544635025/?type=3,"Have you curated your own wishlist yet? 

Let us know what products you're eyeing in the comments below! While you're at it, why not tag a friend to drop a hint? ;)

#BobbiBrown #BobbiBrownSG",0,0,54,2,0,0,8.0,
1,2017-11-17T04:00:00+0000,146241435387419_1787098381301708,https://www.facebook.com/bobbibrown.sg/photos/a.147802145231348.25928.146241435387419/1787098211301725/?type=3,"The finest makeup products should only be applied with the softest brushes - and that we have! 

This Travel Brush Set comes with all the essentials - think foundation, blusher, liner AND eye shadow - in a beautiful Burgundy hard case. Think of it as a basic starter kit that any woman would love (except it's not basic at all, if you get what we mean!). 

#BobbiBrown #BobbiBrownSG",0,0,66,8,0,0,3.0,
0,2017-11-16T09:41:34+0000,146241435387419_1796354293709450,https://www.facebook.com/bobbibrown.sg/photos/a.147802145231348.25928.146241435387419/1796353697042843/?type=3,"Ladies in the East, we're back for you!
 
The newly renovated Tampines Mall store is sure to give you a more comprehensive and exciting shopping experience. We recently celebrated its opening with a private event to also mark the launch of our holiday collection. 

Have a feel of the new store; Pop by to say hello!

#BobbiBrown #BobbiBrownSG",0,0,36,5,0,1,2.0,Bobbi Brown Cosmetics added 4 new photos.
0,2017-11-15T08:36:46+0000,146241435387419_1795290793815800,https://www.facebook.com/bobbibrown.sg/photos/a.404470419564518.97406.146241435387419/1795290613815818/?type=3,,0,0,8,0,0,0,,Bobbi Brown Cosmetics updated their cover photo.
1,2017-11-13T04:00:01+0000,146241435387419_1787096967968516,https://www.facebook.com/bobbibrown.sg/photos/a.147802145231348.25928.146241435387419/1787096391301907/?type=3,"Why settle for less when you can go for GOLD? 

Our Luxe Lip collection is out to set heart aflutter this Christmas with a new range of limited edition shades to add to your own stash. Needless to say, there'll be more luxe for you ladies to lust for this holidays!

#BobbiBrown #BobbiBrownSG",0,0,58,4,0,0,2.0,
2,2017-11-11T01:00:00+0000,146241435387419_1790126280998918,https://www.facebook.com/bobbibrown.sg/photos/a.147802145231348.25928.146241435387419/1790126280998918/?type=3,Show yourself some love this Singles Day!,0,2,90,7,0,0,23.0,
3,2017-11-08T04:00:00+0000,146241435387419_1787095797968633,https://www.facebook.com/bobbibrown.sg/photos/a.147802145231348.25928.146241435387419/1787095004635379/?type=3,"Enough with all that talk, we want all things shiny and pigmented and we want it now! 

We're here to assure you‚Ä¶this Holiday collection will certainly not disappoint. 

#BobbiBrown #BobbiBrownSG",0,1,72,8,0,0,6.0,
2,2017-11-05T04:00:00+0000,146241435387419_10155870695509224,https://www.facebook.com/bobbibrown.sg/videos/10155870695509224/,"We‚Äôre loving all things Red and deliciously luxurious this Christmas! 

If you're on the same page as us, you will LOVE this Caviar & Rubies collection we've got going on this year. 

#BobbiBrown #BobbiBrownSG",0,0,100,9,0,3,10.0,
0,2017-11-04T04:00:00+0000,146241435387419_10155870676579224,https://www.facebook.com/bobbibrown.sg/videos/10155870676579224/,"Did someone say just say ""Extra Glow?""

Well, one thing's for sure, if it's that extra glow you're looking for, this skincare trio is will help you achieve just that. 

#BobbiBrown #BobbiBrownSG",0,0,4,0,0,0,,
0,2017-11-03T04:00:00+0000,146241435387419_10155870682199224,https://www.facebook.com/bobbibrown.sg/videos/10155870682199224/,"Grab hold of your most efficient shopping partner & put on the most comfortable pair of shoes you've got - it's almost time for all that Christmas shopping again. 

#BobbiBrown #BobbiBrownSG",0,0,5,2,0,0,,
1,2017-10-13T08:49:34+0000,146241435387419_1761748690503344,https://www.facebook.com/bobbibrown.sg/videos/1761748690503344/,"Handing it over to our Studio Manager, Sharon Wong, to prep us for the weekend!",0,0,6,2,0,0,,Bobbi Brown Cosmetics was live.
0,2017-10-13T08:32:49+0000,146241435387419_1761734397171440,https://www.facebook.com/bobbibrown.sg/videos/1761734397171440/,"We're LIVE this afternoon with Ting Lin, showcasing our NEW Skin Long Wear Weightless SPF 50 PA+++ Full Cover Cushion Compact ! 

She's doing a live makeup demonstration on her model to show how to ace our base!",0,0,5,0,0,0,,Bobbi Brown Cosmetics was live.
0,2017-10-13T04:03:02+0000,146241435387419_1761580467186833,https://www.facebook.com/bobbibrown.sg/photos/a.147802145231348.25928.146241435387419/1761579277186952/?type=3,"Our Skin Long Wear Weightless Foundation SPF 50 PA+++ Full Cover Cushion Compact has finally been exclusively launched at Takashimaya! 

Head down to our studio to enjoy the launch specials that we have waiting for you this weekend! 

#BeWhoYouAre #BobbiBrownSG",0,0,17,0,0,0,,
0,2017-10-13T04:26:05+0000,146241435387419_1761596587185221,https://www.facebook.com/bobbibrown.sg/photos/a.147802145231348.25928.146241435387419/1761588150519398/?type=3,"Soft, Dewy, Long Wearing and Full Coverage, it's all we need in a cushion! 

Our new cushion will be exclusively launching in our studio in Takashimaya! Head down to check out the exclusive mechanics we have in store for friends of Bobbi Brown! 

#BeWhoYouAre #BobbiBrownSG",0,0,3,0,0,0,,
0,2017-10-13T04:11:09+0000,146241435387419_1761585637186316,https://www.facebook.com/bobbibrown.sg/photos/a.147802145231348.25928.146241435387419/1761584203853126/?type=3,"A new cushion will be joining our family!

We'll be dropping hints till the launch day! 

#BeWhoYouAre #BobbiBrownSG",0,0,2,0,0,0,,
0,2017-09-29T11:54:13+0000,146241435387419_1748396695171877,https://www.facebook.com/bobbibrown.sg/photos/a.147802145231348.25928.146241435387419/1748392151838998/?type=3,"<EVENT INVITE>

Join us and Beauty Influencer, Faye (@wisteriaful on Instagram) at VivoCity tomorrow from 3 - 5 pm and get a sneak peak of Limited Edition 5-in-1 Face Palette! 

Learn How to Get Ready in 5 - 10 mins with the new palette too! 

#BeWhoYouAre #BobbiBrownSG",0,0,14,0,0,0,1.0,
0,2017-09-28T03:34:35+0000,146241435387419_1747158128629067,https://www.facebook.com/bobbibrown.sg/photos/a.404470419564518.97406.146241435387419/1747158078629072/?type=3,,0,0,7,0,0,0,,Bobbi Brown Cosmetics updated their cover photo.
0,2017-09-27T12:45:40+0000,146241435387419_1746477778697102,https://www.facebook.com/bobbibrown.sg/photos/a.147802145231348.25928.146241435387419/1746476395363907/?type=3,"Oh yes, it's Ladies Night, and our Lips are feeling just right! 

Our #BBGirlCrush ladies in our Crushed Lip Color in Grenadine.

Find your Perfect Lip at our boutiques near you! 

#BobbiBrownSG #BeWhoYouAre",0,0,5,1,0,0,,
0,2017-09-26T14:34:47+0000,146241435387419_1745686092109604,https://www.facebook.com/bobbibrown.sg/videos/1745686092109604/,"We can finally show you what we're Crushin' about! 

Our Crushed Lip Color is finally on counters in 20 kissable shades. Head down to boutiques near you to find your perfect lip! There's sure to be a shade for you.

#BBGirlCrush #BobbiBrownSG #BeWhoYouAre",0,0,8,0,0,0,,
0,2017-09-22T08:57:13+0000,146241435387419_1741504532527760,https://www.facebook.com/bobbibrown.sg/videos/1741504532527760/,Our Senior Makeup Artist Kar Yee modelling for the Popsicle Lip Trend!,0,0,7,0,0,0,,Bobbi Brown Cosmetics was live.
0,2017-09-22T08:47:47+0000,146241435387419_1741498035861743,https://www.facebook.com/bobbibrown.sg/videos/1741498035861743/,We have out #BBGirlCrush Jemma Wei with us today!,0,0,3,0,0,0,,Bobbi Brown Cosmetics was live.
0,2017-09-26T14:52:39+0000,146241435387419_1745700092108204,https://www.facebook.com/bobbibrown.sg/videos/1745699355441611/,"ONE MORE DAY! 

Just 1 more day till the official lunch of newest member of the Lipstick faamily! 

These kissable lips are just moments away! 

#BBGirlCrush #BobbiBrownSG #BeWhoYouAre",0,0,3,0,0,0,,
0,2017-09-26T14:45:53+0000,146241435387419_1745695398775340,https://www.facebook.com/bobbibrown.sg/videos/1745694508775429/,"Just 2 more days till we get our hands on these new lippies! 

Can you gues what shade Anthony is wearing?

#BBGirlCrush #BobbiBrownSG #BeWhoYouAre",0,0,0,0,0,0,,
0,2017-09-26T14:35:12+0000,146241435387419_1745687315442815,https://www.facebook.com/bobbibrown.sg/videos/1745686698776210/,"We've got these sneak swatches in for you! Here's one of our new shades - Ruby! 

Stay tuned for our official launch on 22 September! 

#BBGirlCrush #BobbiBrownSG #BeWhoYouAre",0,0,0,0,0,0,,
1,2017-09-15T09:00:00+0000,146241435387419_1728158090529071,https://www.facebook.com/bobbibrown.sg/photos/a.147802145231348.25928.146241435387419/1728155873862626/?type=3,"It's finally Friday and we have a sneak peak for you! 

One of the most anticipated launches for the Season is just 1 week away from the official launch!

Mark your calendars, we promise it'll leave you Crushin' for more. üòâ

#BBGirlCrush #BobbiBrownSG #BeWhoYouAre",0,0,6,0,0,0,,
0,2017-09-14T09:45:00+0000,146241435387419_1728152397196307,https://www.facebook.com/bobbibrown.sg/videos/1728152397196307/,"You no longer have to be worried about the late nights. 

Our Instant Full Cover Concealer covers all late nights secrets with just a swipe! Blend it out with your fingers and you won't be able to tell the difference. It's #BetterThanSleep ! 

Swing by our Studios near you to find your prefect shade! 

#BobbiBrownSG #BeWhoYouAre",0,0,3,1,0,0,,
0,2017-09-13T09:45:00+0000,146241435387419_1728149567196590,https://www.facebook.com/bobbibrown.sg/videos/1728149567196590/,"With the just right tools, everyone can be a Makeup Artist! 

Get the best of both worlds with our Limited Edition Duo Eyeliner Brush - a hybrid of the Ultra Fine Eyeliner Brush and the Ultra Precise Eyeliner Brush. It's the perfect tool to use to get that Double Lining technique going with the Long Wear Gel Eyeliner! 

Head down to one our Studios near you to learn more about our Double Lining Technique and #TurnUpTheSmolder ~ 

#BobbiBrownSG #BeWhoYouAre",0,0,6,1,0,0,,
0,2017-09-12T11:43:23+0000,146241435387419_1728149160529964,https://www.facebook.com/bobbibrown.sg/photos/a.147802145231348.25928.146241435387419/1728146797196867/?type=3,"We just can't get enough of our Downtown Cool Eyeshadow Palette! 

Highly versatile, the palette could even double up as a Brow Kit for Eyebrows, giving you the complete Cool Girl look. 

Visit our boutiques near you today to learn how to #TurnUpTheSmolder

#BobbiBrownSG #BeWhoYouAre",0,0,14,0,0,0,1.0,
0,2017-09-04T11:39:45+0000,146241435387419_1721052701239610,https://www.facebook.com/bobbibrown.sg/photos/a.147802145231348.25928.146241435387419/1721028794575334/?type=3,"Our Iconic Long Wear Gel Eyeliner just got a whole lot better! 

Available in six different combinations, our Long Wear Gel Eyeliner Duos are perfectly paired to accentuate your eyes with our Double Lining technique to #TurnUpTheSmolder ! 

Book a How To Make my Eyes Stand Out lesson at our Studios to learn more about this Double Lining Technique. üòâ

#BobbiBrownSG #BeWhoYouAre",0,0,16,2,0,0,4.0,
0,2017-09-02T07:27:16+0000,146241435387419_1718972784780935,https://www.facebook.com/bobbibrown.sg/videos/1718972784780935/,"Sharon is now using the Double Lining technique on Leanne using our iconic Long Wear Gel Eyeliner and also the Mascara Layering technique with our No Smudge Mascara and the Smokey Eye Mascara!

#TurnUpTheSmolder",0,0,0,0,0,0,,Bobbi Brown Cosmetics was live.
0,2017-09-02T07:15:06+0000,146241435387419_1718961038115443,https://www.facebook.com/bobbibrown.sg/videos/1718961038115443/,"We are in for a treat! Join our Studio Manger, Sharon Wong and beauty guru Leanne (@loveforskincare) as we show you tricks to get that perfect smoulder !",0,0,15,3,0,0,,Bobbi Brown Cosmetics was live.
0,2017-09-02T05:09:14+0000,146241435387419_1718835514794662,https://www.facebook.com/bobbibrown.sg/photos/a.147802145231348.25928.146241435387419/1718828934795320/?type=3,"*Facebook Live Alert!*

We have a cool babe in town to launch the Downtown Cool collection with us today at Robinsons Raffles City!

Tune in at 3.30 pm and join us as we show you the tips and tricks on our Double Lining techniques + How to layer up your favorite Bobbi Brown Mascaras to make your eyes stand out!

See you there! 

#TurnUpTheSmolder #BeWhoYouAre #BobbiBrownSG

Photo Credits: Leanne (@loveforskincare on Instagram)",0,0,13,1,0,0,,
1,2017-09-01T15:00:53+0000,146241435387419_1718064568205090,https://www.facebook.com/bobbibrown.sg/photos/a.147802145231348.25928.146241435387419/1718061838205363/?type=3,"There's a new kid in town, and you could say she's... cool.

Our Limited Edition Downtown Cool Collection has made it's way to Singapore, featuring out iconic Long Wear Gel Eyeliners in duo pots - making it the best of both worlds! 

Head down to a store near you to find out more about this cool collection! 

#TurnUpTheSmolder #BobbiBrownSG #BeWhoYouAre",0,0,21,3,0,0,4.0,
0,2017-09-01T15:02:36+0000,146241435387419_1718066301538250,https://www.facebook.com/bobbibrown.sg/photos/a.147802145231348.25928.146241435387419/1718064778205069/?type=3,"Something cool is headed our way....

Stay tuned to see what's brewing...

#TurnUpTheSmolder #BobbiBrownSG #BeWhoYouAre",0,0,1,0,0,0,,
0,2017-08-30T09:30:00+0000,146241435387419_1714579135220300,https://www.facebook.com/bobbibrown.sg/photos/a.147802145231348.25928.146241435387419/1714578801887000/?type=3,"When you‚Äôre out to dinner and realize there‚Äôs eight more courses to go, what‚Äôs #betterthansleep?

Our weightless Instant Full Cover Concealer with its second-skin finish and ability to brighten dark circles with no settling, creasing or fading.

#BobbiBrownSG #BeWhoYouAre",0,0,6,0,0,0,,
0,2017-08-29T04:00:00+0000,146241435387419_1714578045220409,https://www.facebook.com/bobbibrown.sg/photos/a.147802145231348.25928.146241435387419/1714576641887216/?type=3,"When you‚Äôve got a hot date but your dark circles weren‚Äôt part of your profile pic, what‚Äôs #betterthansleep?

Our weightless Instant Full Cover Concealer with its second-skin finish and ability to brighten dark circles with no settling, creasing or fading. (Warning: cannot make bad dates disappear.)

#BobbiBrownSG #BeWhoYouAre",0,0,7,0,0,0,,
0,2017-08-27T09:01:17+0000,146241435387419_1712994218712125,https://www.facebook.com/bobbibrown.sg/videos/1712994218712125/,"Before & After Series:

Don‚Äôt miss out on another Girls Night Out‚ÄîJade loves an after-work group hang, but doesn‚Äôt love the whole under eye circle thing the next morning. 

With the Instant Full Cover Concealer in Natural, she can stay out with the squad until the last pizza slice! 

#betterthansleep #BobbiBrownSG #BeWhoYouAre",0,0,0,1,0,0,,
0,2017-08-26T04:30:00+0000,146241435387419_1710908962253984,https://www.facebook.com/bobbibrown.sg/photos/a.147802145231348.25928.146241435387419/1710908515587362/?type=3,"When ‚Äújust one more episode‚Äù turns into six seasons later, what‚Äôs #betterthansleep?

Our weightless Instant Full Cover Concealer with its second-skin finish and ability to brighten dark circles with no settling, creasing or fading. (It‚Äôs a stream come true.)

#BobbiBrownSG",0,0,3,1,0,0,,
0,2017-08-25T04:30:00+0000,146241435387419_1710699485608265,https://www.facebook.com/bobbibrown.sg/videos/1710699485608265/,"Before & After Series:

When FOMO leads to fear of dark circles‚ÄîTanya‚Äôs under eye troubles can be traced back to all-nighters with visiting out-of-town friends.

Our Instant Full Cover Concealer in Honey keeps her from missing out on group-selfies (though she‚Äôll never miss the dark shadows).

 #betterthansleep #BobbiBrownSG",0,0,4,0,0,0,1.0,
0,2017-08-22T10:00:00+0000,146241435387419_1707972669214280,https://www.facebook.com/bobbibrown.sg/photos/a.147802145231348.25928.146241435387419/1707972322547648/?type=3,"When you‚Äôve got third-row tix to Broadway, but you know your dark circles will be front row and center in the morning, what‚Äôs #betterthansleep? 

Our weightless Instant Full Cover Concealer with its second-skin finish and ability to brighten dark circles with no settling, creasing or fading.

Check it out at a studio near you! 

#BobbiBrownSG",0,0,6,0,0,0,,
0,2017-08-20T08:00:35+0000,146241435387419_1705902666087947,https://www.facebook.com/bobbibrown.sg/photos/a.147802145231348.25928.146241435387419/1705902409421306/?type=3,"When you‚Äôre a first-time mom and a full night‚Äôs Zs is only in your dreams, what‚Äôs #betterthansleep? 

Our weightless Instant Full Cover Concealer with its second-skin finish and ability to brighten dark circles with no settling, creasing or fading! 

#BobbiBrownSG",0,0,5,0,0,0,,
0,2017-08-20T07:59:23+0000,146241435387419_1705902012754679,https://www.facebook.com/bobbibrown.sg/photos/a.147802145231348.25928.146241435387419/1705901762754704/?type=3,"When you work so late you feel like your second job is managing your under eye circles, what‚Äôs #betterthansleep? Our weightless Instant Full Cover Concealer with its second-skin finish and ability to brighten dark circles with no settling, creasing or fading.",0,0,7,0,0,0,,
0,2017-08-15T09:30:00+0000,146241435387419_1699740373370843,https://www.facebook.com/bobbibrown.sg/videos/1699740373370843/,"Before & After Series:

Leave your dark circles on the cutting-room floor‚ÄîSuprova can‚Äôt get to bed until her Bollywood dance videos are edited and ready for YouTube. When she‚Äôs not putting the finishing touches on her content, she‚Äôs deleting her under eye shadows with Instant Full Cover Concealer in Honey because when you‚Äôre pursuing your passion our quick-fix formula is #betterthansleep ! 

#BobbiBrownSG",0,0,3,0,0,0,,
0,2017-08-14T09:30:00+0000,146241435387419_1699739896704224,https://www.facebook.com/bobbibrown.sg/photos/a.147802145231348.25928.146241435387419/1699739303370950/?type=3,"Wedding Season?

Dance until dawn at a summer wedding and hide the evidence with a swipe of our #betterthansleep Instant Full Cover Concealer. If it‚Äôs your big day, tuck the Concealer into your bag for flawless, full coverage from ceremony to reception.

#BobbiBrownSG",0,0,16,2,0,0,,
2,2017-08-12T07:21:43+0000,146241435387419_1697743446903869,https://www.facebook.com/bobbibrown.sg/videos/1697743446903869/,"Event happening now! 

Join our Makeup Artist Valencia and beauty guru Cheryl Chio for the launch of our new Instant Full Cover Concealer! 

We'll be here at Ion Orchard till 6 pm!",0,0,12,0,0,0,,Bobbi Brown Cosmetics was live.
0,2017-08-10T11:30:11+0000,146241435387419_1695950223749858,https://www.facebook.com/bobbibrown.sg/photos/a.147802145231348.25928.146241435387419/1695945813750299/?type=3,"Event Invite Alert! 

BETTER.THAN.SLEEP! 

Join Cheryl Chio, best known as @beautifulbuns_sg on Instagram, as she shares her best makeup tips and tricks at Bobbi Brown Ion Orchard this Saturday, 12 August,  from 3 - 5 pm. Not to mention getting the best foundation match you've ever had with our 3 step method. 

Gift bags worth $50 to be won when you RSVP for the event on Cheryl's Instagram Post! Head on over to her page for more information! 

Photo Credits: Cheryl Chio (@beautifulbuns_sg on Instagram)

#BobbiBrownSG #BetterThanSleep",0,0,9,0,0,0,,
0,2017-08-10T04:20:31+0000,146241435387419_1695723060439241,https://www.facebook.com/bobbibrown.sg/photos/a.404470419564518.97406.146241435387419/1695722967105917/?type=3,,0,0,5,0,0,0,,Bobbi Brown Cosmetics updated their cover photo.
0,2017-08-10T18:26:05+0000,146241435387419_1696265267051687,https://www.facebook.com/bobbibrown.sg/videos/1696264930385054/,"Happy 52nd Birthday Singapore! 

Celebrate in hues of red this National Day.

Fresh-Squeezed-Color with our Art Stick Liquid Lip in Rich Red. 

#MeetYourNewSqueeze #BobbiBrownSG",0,0,2,0,0,0,,
0,2017-08-10T18:12:25+0000,146241435387419_1696254627052751,https://www.facebook.com/bobbibrown.sg/photos/a.147802145231348.25928.146241435387419/1696254387052775/?type=3,"When you love a late-night show, but don‚Äôt want to give your under eye circles top billing, what‚Äôs #betterthansleep? Our weightless Instant Full Cover Concealer with its second-skin finish and ability to brighten dark circles with no settling, creasing or fading. (You‚Äôll be yelling bravo!)",0,0,5,0,0,0,,
0,2017-08-10T18:08:20+0000,146241435387419_1696251657053048,https://www.facebook.com/bobbibrown.sg/videos/1696250713719809/,"Before & After Series:

Got it from your mama: Did you know dark circles can be a hereditary thing? Nikki reaches for our Instant Full Cover Concealer in Warm Honey to keep her inherited under eye shadows under wraps. It‚Äôs our quickest fix yet that‚Äôs #betterthansleep (and genes).",0,0,3,0,0,0,,
0,2017-08-10T17:54:13+0000,146241435387419_1696242690387278,https://www.facebook.com/bobbibrown.sg/videos/1696241590387388/,"Before & After Series:

Sew over shadows: When dark circles aren‚Äôt in fashion, women‚Äôs wear designer Katie whips out her Instant Full Cover Concealer in Ivory to quickly eliminate any under eye shade she‚Äôs earned from late nights at the sewing machine. 

#BetterThanSleep",0,0,1,0,0,0,,
0,2017-08-10T17:43:53+0000,146241435387419_1696235790387968,https://www.facebook.com/bobbibrown.sg/videos/1696234613721419/,"Before & After Series:

Calling all creative night owls: when Pascale‚Äôs artistic light bulb doesn‚Äôt go on until it‚Äôs lights out, she reaches for our Instant Full Cover Concealer in Golden to cover her dark circles (because the witching hour doesn‚Äôt mean you need to look scary the next morning).

 #BetterThanSleep",0,0,0,0,0,0,,
0,2017-08-10T17:49:04+0000,146241435387419_1696239277054286,https://www.facebook.com/bobbibrown.sg/photos/a.147802145231348.25928.146241435387419/1696238007054413/?type=3,"Meet our new Instant Full Cover Concealer.
‚úì 15 shades
‚úì all-day staying power
‚úì weightless wear
The way it lightens and brightens is #BetterThanSleep !",0,0,2,0,0,0,1.0,
0,2017-08-10T17:37:52+0000,146241435387419_1696231893721691,https://www.facebook.com/bobbibrown.sg/videos/1696230850388462/,"Our new Instant Full Cover Concealer feels like nothing and looks like a good night‚Äôs sleep. Dot it under your eyes, blend it out, and you're ready to go!

#BetterThanSleep #BobbiBrownSG",0,0,0,0,0,0,,
0,2017-08-10T17:13:38+0000,146241435387419_1696214437056770,https://www.facebook.com/bobbibrown.sg/videos/1696213820390165/,"Dot, Swipe, Blend. 

Our Instant Full Cover Concealer works Better Than Sleep. You just got to try it to find out for yourself! 

#BobbiBrownSG #BetterThanSleep",0,0,5,0,0,0,,
0,2017-08-10T17:06:52+0000,146241435387419_1696210113723869,https://www.facebook.com/bobbibrown.sg/photos/a.147802145231348.25928.146241435387419/1696207583724122/?type=3,"A sneak peak of our latest Concealer launch...

Launching at all Bobbi Brown Studios Island-Wide on 4th August.

Checkout the link for our store listings:
http://www.bobbibrown.com.sg/store_locator",0,0,5,0,0,0,,
0,2017-07-08T07:36:45+0000,146241435387419_1658434810834733,https://www.facebook.com/bobbibrown.sg/videos/1658434810834733/,Venecia working her magic with a makeup demonstration!,0,0,9,1,0,0,2.0,Bobbi Brown Cosmetics was live.
0,2017-07-08T07:07:48+0000,146241435387419_1658408237504057,https://www.facebook.com/bobbibrown.sg/videos/1658408237504057/,"Hanging out with Venecia in our Tampines Mall Boutique today! 

We'll be here from 3 - 5 pm! 

Join us!",0,0,8,2,0,0,3.0,Bobbi Brown Cosmetics was live.
0,2017-03-16T04:15:31+0000,146241435387419_1513021035376112,https://www.facebook.com/bobbibrown.sg/videos/1513021035376112/,"Behind the scenes with the beautiful JaeKyung while shooting for the launch of out Art Stick Liquid Lip!

#ArtStick #BeWhoYouAre #BobbiBrownSG",0,0,20,2,0,0,,
0,2017-03-13T10:37:03+0000,146241435387419_1510294132315469,https://www.facebook.com/bobbibrown.sg/videos/1510294132315469/,"At #BobbiBrown, we celebrate #PrettyPowerful women every day. We want to help you celebrate the #PrettyPowerful women in your life everyday, not just on #InternationalWomensDay !

Check out our Limited Edition Pretty Powerful Pot Rough for Cheeks & Lips in stores in celebration of International Woman's Day.

#BeWhoYouAre #BobbiBrownSG",0,0,14,0,0,0,1.0,
0,2017-03-09T10:15:43+0000,146241435387419_1505998629411686,https://www.facebook.com/bobbibrown.sg/videos/1505998629411686/,"At #BobbiBrown, we believe in empowering women through education. This #InternationalWomensDay, we're excited to announce our global partnership with Kiva, a non-profit organization that helps low income women in over 85 countries secure microloans and create better futures for themselves.

Spread the word!

#PrettyPowerful #BobbiBrownSG #BeWhoYouAre",0,0,6,0,0,0,,
0,2017-03-08T09:22:02+0000,146241435387419_1504858842858998,https://www.facebook.com/bobbibrown.sg/videos/1504858842858998/,"Happy International Women's Day from all of us at Bobbi Brown!

Every year on this special day, Bobbi reminds us ladies the importance of staying true to ourselves and to stay Pretty Powerful.

Embrace the day, ladies!

#BeWhoYouAre #PrettyPowerful #BobbiBrownSG",0,0,8,1,0,0,1.0,
0,2017-03-07T10:00:01+0000,146241435387419_1501115483233334,https://www.facebook.com/bobbibrown.sg/photos/a.147802145231348.25928.146241435387419/1501115483233334/?type=3,"We're breaking down all the colours just for you! Which is your perfect #MLBB?

Only 1 way to find out! Let us help you with your Lip Makeovers over at Takashimaya. 

Photo Credits: Sylvia (Instagram: @syloft )

#MeetYourNewSqueeze #ArtStick #BobbiBrownSG",0,0,13,2,0,0,2.0,
0,2017-03-06T10:00:00+0000,146241435387419_1501109456567270,https://www.facebook.com/bobbibrown.sg/videos/1501109456567270/,"Happy Monday! Here's Jeakyung strutting her stuff in our Art Stick Liquid Lip in Pink Punch.

Get your Lip Makeovers at our Exclusive Launch at Takashimaya, many goodies up for grabs! 

#MeetYourNewSqueeze #ArtStick #BobbiBrownSG",0,0,9,0,0,0,,
0,2017-03-05T03:00:00+0000,146241435387419_1501088346569381,https://www.facebook.com/bobbibrown.sg/videos/1501088346569381/,"Bold Colours. One Swipe. Super Prigmented. 

Come on down to our studio at ION Orchard to have a sneak at our latest Lip Bar with more than 100 different shades available! 

Get swatching!

#MeetYourNewSqueeze #ArtStick #BobbiBrownSG",0,0,10,2,0,0,,
0,2017-03-04T09:35:17+0000,146241435387419_1501033003241582,https://www.facebook.com/bobbibrown.sg/videos/1501033003241582/,"No need for twisting, all you have to do is squeeze! 

Meet your latest squeeze! Selling fast at Takashimaya, don't miss out! 

#MeetYourNewSqueeze #ArtStick #BobbiBrownSG",0,0,10,0,0,0,,
0,2017-03-04T03:00:01+0000,146241435387419_1500310033313879,,"Meet your new squeeze, Ladies! 

We promise it's like nothing you've ever seen before! 

Head on over to Takashimaya for the exclusive launch this weekend! 

#MeetYourNewSqueeze #ArtStick #BobbiBrownSG",0,0,5,0,0,0,,
0,2017-03-03T05:33:37+0000,146241435387419_1499902066688009,https://www.facebook.com/bobbibrown.sg/videos/1499902066688009/,"Check it out ladies, Jae Kyung is in the house! 

As the new face of Bobbi's Art Stick Liquid Lip, here's a peek at what's been brewing for this exciting collaboration! Watch this space as we unravel more exciting news headed your way! 

#MeetYourNewSqueeze #ArtStick #BobbiBrownSG",0,0,15,0,0,0,1.0,
1,2017-03-01T04:06:41+0000,146241435387419_1498036496874566,https://www.facebook.com/bobbibrown.sg/videos/1498036496874566/,"THE WAIT IS OVER! 

Our Art Stick Liquid Lips are finally here! The super pigmented liquid to semi-matte formula will pack a punch on your pout with the 16 shades available! 

Head on over to our studio at Takashimaya for the exclusive launch and enjoy special treats while you're there. 

This is a squeeze worth checking out! 

#BeWhoYouAre #ArtStick #BobbiBrownSG",0,0,7,0,0,0,,
0,2017-03-01T03:56:57+0000,146241435387419_1498030540208495,https://www.facebook.com/bobbibrown.sg/photos/a.404470419564518.97406.146241435387419/1498030520208497/?type=3,,0,0,5,0,0,0,,Bobbi Brown Cosmetics updated their cover photo.
0,2017-02-27T09:00:03+0000,146241435387419_1494424827235733,https://www.facebook.com/bobbibrown.sg/photos/a.147802145231348.25928.146241435387419/1494424827235733/?type=3,"Emi Suziki's daily routine - Using the Intensive Skin Serum Concealer, followed by the Intensive Skin Serum Foundation as SKINCARE! 

Packed with an abundance of skincare benefits, your skin will be nourished all day! 

#SerumFoundation #IntensiveSkinSerumFoundation #BobbiBrown #BBAmbassador #„Éú„Éì„Ç£„Éñ„É©„Ç¶„É≥ÁæéÂÆπÊ∂≤„Éï„Ç°„É≥„Éá #„Ç§„É≥„ÉÜ„É≥„Ç∑„Éñ„Çπ„Ç≠„É≥„Çª„É©„É†„Éï„Ç°„É≥„Éá„Éº„Ç∑„Éß„É≥ @BobbiBrown @BobbiBrownjapan",0,0,8,0,0,0,,
0,2017-02-26T23:30:00+0000,146241435387419_1494423857235830,https://www.facebook.com/bobbibrown.sg/photos/a.147802145231348.25928.146241435387419/1494423857235830/?type=3,"""I always do my makeup when I‚Äôm on shoot and also on off days, but sometimes when I‚Äôm tired,  I do not feel like wearing any foundation or applying my daily skincare routine. For me, this is the perfect foundation to make my dreams come true üòç

Bobbi Brown‚Äôs Intensive Skin Serum Foundation includes a treatment benefit of Cordyceps and comes in many shade variations.

The Corrector and Concealer makes the skin around my eyes brighter and is available in more than 10 shades! You can always pick your right shade (I‚Äôm using Cool Sand btw)! 

For daily makeup, I use the concealer and a little bit of Intensive Skin Serum foundation as skincare!"" - Emi Suziki (Instagram: @emisuzuki_official)

#SerumFoundation #IntensiveSkinSerumFoundation #BobbiBrown #BBAmbassador #„Éú„Éì„Ç£„Éñ„É©„Ç¶„É≥ÁæéÂÆπÊ∂≤„Éï„Ç°„É≥„Éá #„Ç§„É≥„ÉÜ„É≥„Ç∑„Éñ„Çπ„Ç≠„É≥„Çª„É©„É†„Éï„Ç°„É≥„Éá„Éº„Ç∑„Éß„É≥ @BobbiBrown @BobbiBrownjapan",0,0,10,0,0,0,,
0,2017-02-26T04:00:01+0000,146241435387419_1494325273912355,https://www.facebook.com/bobbibrown.sg/photos/a.147802145231348.25928.146241435387419/1494325273912355/?type=3,"BTS of our most exciting launch for the season‚Ä¶ just 2 more days till their exclusive launch at Takashimaya.

#MeetYourNewSqueeze #ArtStick #BeWhoYouAre #BobbiBrownSG",0,0,5,0,0,0,,
0,2017-02-25T06:00:01+0000,146241435387419_1494322307245985,https://www.facebook.com/bobbibrown.sg/photos/a.147802145231348.25928.146241435387419/1494322307245985/?type=3,"Another sneak peak at our latest color launch. An art supply inspired collection and a modern take on liquid lipsticks. Stay tuned! 

#MeetYourNewSqueeze #ArtStick #BeWhoYouAre #BobbiBrownSG",0,0,13,0,0,0,,
0,2017-02-24T03:15:00+0000,146241435387419_1493199494024933,https://www.facebook.com/bobbibrown.sg/photos/a.147802145231348.25928.146241435387419/1493199494024933/?type=3,"If you haven't heard, our Havana Collection has launched exclusively at Isetan Scotts and Isetan Katong.

The 2 Illuminating Cheek Palettes includes a Bronzer, Blush and Highlight - the perfect trio for an instant sexy glow. It's the perfect all in Cheek Palette, great for your makeup bag! 

Also, here's another sneak peak at some of our other launches coming out in March... Watch this space! 

Photo Credits: Faye (Instagram: @wisteriaful)",0,0,12,0,0,0,,
0,2017-02-23T10:30:00+0000,146241435387419_1491659414178941,https://www.facebook.com/bobbibrown.sg/photos/a.147802145231348.25928.146241435387419/1491659414178941/?type=3,"""Recently, I only wear simple and light make up to highlight my perfect skin.

The look is so natural, flawless and has a dewy glow that I am so proud to show everyone.

This is all thanks to Bobbi Brown's Intensive Skin Serum Foundation! This amazing product let me indulge in the clean, fresh and simple beauty. By the way, I‚Äôm using #01warmivory!"" - Xiao Zhu (Weibo: @Â∞èÁå™ÂßêÂßêzz) 

#SerumFoundation #IntensiveSkinSerumFoundation #BobbiBrown #BBAmbassador #BobbiBrownÂØÜÈõÜ‰øÆÊä§ËèÅÂçéÁ≤âÂ∫ïÊ∂≤ #Ëô´ËçâËèÅÂçéÂÖÖÁîµÂ∫ïÂ¶Ü @BobbiBrownChina",0,0,10,0,0,0,,
0,2017-02-23T02:30:01+0000,146241435387419_1491653274179555,https://www.facebook.com/bobbibrown.sg/photos/a.147802145231348.25928.146241435387419/1491653274179555/?type=3,"""Being confident is absolutely part of my lifestyle. And I start from the perfect foundation.

Ever since I met Bobbi Brown's Intensive Skin Serum Foundation (I‚Äôm using #01warmivory!) I can‚Äôt help but to stare at my skin in the mirror, so amazing!

Love love love Bobbi Brown! It never lets me down!"" - Xiao Zhu (Weibo: Â∞èÁå™ÂßêÂßêzz)

#SerumFoundation #IntensiveSkinSerumFoundation #BobbiBrown #BBAmbassador

#BobbiBrownÂØÜÈõÜ‰øÆÊä§ËèÅÂçéÁ≤âÂ∫ïÊ∂≤ #Ëô´ËçâËèÅÂçéÂÖÖÁîµÂ∫ïÂ¶Ü@BobbiBrownChina",0,0,4,0,0,0,,
0,2017-02-22T10:52:57+0000,146241435387419_1491650740846475,https://www.facebook.com/bobbibrown.sg/photos/a.147802145231348.25928.146241435387419/1491650740846475/?type=3,"A new squeeze is coming your way... Watch this space for updates! 

#MeetYourNewSqueeze #ArtStick #BobbiBrown #BobbiBrownSG",0,0,5,0,0,0,,
0,2017-02-21T11:08:21+0000,146241435387419_1490755664269316,https://www.facebook.com/bobbibrown.sg/photos/a.147802145231348.25928.146241435387419/1490755664269316/?type=3,"Pssst... Missed us?

Our Remedies are back in stock Island-wide! If you didn't manage to get your hands on the latest addition to our skincare range, it's time to do so now! 

Try the winning combination of our Skin Fortifier, Skin Reviver and Skin Moisture Solution to give your skin the ultimate moisture surge! 

Give it a try at our studios now! 

#BobbiBrownSG #BobbiRemedies #BeWhoYouAre",0,0,4,0,0,0,1.0,
0,2017-02-21T06:06:33+0000,146241435387419_1490602200951329,https://www.facebook.com/bobbibrown.sg/photos/a.147802145231348.25928.146241435387419/1490601464284736/?type=3,"""I enjoy wearing vintage accessories and Intensive Skin Serum Foundation (warm beige) for maximum attraction. I feel beautiful and confident wearing them!"" - @5400wu

#SerumFoundation #IntensiveSkinSerumFoundation #BobbiBrown #BobbiBrownTaiwan #BobbiBrown Bobbi Brown
#È´ò‰øùÊøï‰øÆË≠∑Á≤æËèØÁ≤âÂ∫ï #Ê≥®ÂÖ•ÂÜ¨Ëü≤Â§èËçâÁ≤æËèØ",0,0,9,0,0,0,,
0,2017-02-20T02:16:50+0000,146241435387419_1489438994400983,https://www.facebook.com/bobbibrown.sg/photos/a.147802145231348.25928.146241435387419/1489438994400983/?type=3,"""Bobbi Brown's Intensive Skin Serum Foundation makes me glow anytime and anywhere. It's more than just a foundation! The serum ingredient steadily energizes and repairs skin. Love the freshness and radiance! I‚Äôm wearing warm beige!"" - @5400wu

Get Mama Shu Ling's radiant glow, now with extended shades!

#SerumFoundation #IntensiveSkinSerumFoundation #BobbiBrown #BobbiBrownTaiwan #BobbiBrownSG 
Bobbi Brown
#È´ò‰øùÊøï‰øÆË≠∑Á≤æËèØÁ≤âÂ∫ï #Ê≥®ÂÖ•ÂÜ¨Ëü≤Â§èËçâÁ≤æËèØ",0,0,7,0,0,0,1.0,
0,2017-02-17T06:13:12+0000,146241435387419_1486447154700167,https://www.facebook.com/bobbibrown.sg/photos/a.147802145231348.25928.146241435387419/1486445694700313/?type=3,"""Please take a moment and appreciate this gorgeous packaging of this Bobbi Brown Intensive Skin Serum Foundation (in Sand). This luxurious black and gold design is unbeatable üòçI really like how it matches my beloved fashion items!"" - Pumpkinjenn

#SerumFoundation #IntensiveSkinSerumFoundation #BobbiBrown #BobbiBrownHK #BBAmbassador
#Ëü≤Ëçâ‰øÆË≠∑Á≤æËèØÁ≤âÂ∫ïÊ∂≤ #ÁúüÊ≠£Ë≠∑ËÜöÁ≤âÂ∫ï @BobbiBrown",0,0,12,0,0,0,,
0,2017-02-22T03:52:30+0000,146241435387419_1491455504199332,http://gph.is/2m64VCX,"""Bobbi Brown Intensive Skin Serum Foundation in Sand has been one of my favorite everyday foundations! It applies incredibly smoothly on the skin and also even out any unevenness. I skip sunscreen/ serum when I'm wearing it. As it already contains awesome skincare benefit and high SPF. It's definitely my no.1 pick when I'm in a rush."" - Pumpkinjenn

#SerumFoundation #IntensiveSkinSerumFoundation #BobbiBrown #BobbiBrownHK #BBAmbassador
#Ëü≤Ëçâ‰øÆË≠∑Á≤æËèØÁ≤âÂ∫ïÊ∂≤ #ÁúüÊ≠£Ë≠∑ËÜöÁ≤âÂ∫ï @BobbiBrown",0,0,2,0,0,0,,
2,2017-02-13T11:00:11+0000,146241435387419_1480093765335506,https://www.facebook.com/bobbibrown.sg/photos/a.147802145231348.25928.146241435387419/1480093765335506/?type=3,"""There are too many beauty products now. You can always try the new products but I recommend you to find your own signature item, especially for a foundation. In my case, I always return to Serum Foundation. Love the select ingredients, formula, shade-my shade is Warm Ivory-and everything!"" - @risabae_art

#SerumFoundation #IntensiveSkinSerumFoundation #BobbiBrown #BBAmbassador @BobbiBrown @BobbiBrownkorea #ÏÑ∏ÎüºÌååÏö¥Îç∞Ïù¥ÏÖò #Í¥ëÏ±ÑÌååÎç∞ #Î∞îÎπÑÎ∏åÎùºÏö¥",0,0,5,0,0,0,,
0,2017-02-13T10:00:00+0000,146241435387419_1480088138669402,https://www.facebook.com/bobbibrown.sg/photos/a.147802145231348.25928.146241435387419/1480088138669402/?type=3,"""I have been using numerous liquid foundations and now found my best one ‚ÄìBobbi Brown Serum Foundation, Love the silky yet moist formula and luminous and clear finish. Find your own shades! In my case, I wear the Sand in ISSF!"" - @_kimjaekyung_

#SerumFoundation #IntensiveSkinSerumFoundation #BobbiBrown #BBAmbassador @BobbiBrown @BobbiBrownkorea #ÏÑ∏ÎüºÌååÏö¥Îç∞Ïù¥ÏÖò #Í¥ëÏ±ÑÌååÎç∞ #Î∞îÎπÑÎ∏åÎùºÏö¥",0,0,7,0,0,0,1.0,
0,2017-02-13T05:00:00+0000,146241435387419_1480091312002418,https://www.facebook.com/bobbibrown.sg/photos/a.147802145231348.25928.146241435387419/1480091312002418/?type=3,"""Maintaining healthy skin is the most important and difficult thing to do because I wear various products on my skin (to create beauty contents) every day. My secret item is Bobbi‚Äôs Serum Foundation. It has the same effect as a super serum on my skin. Whenever I wear Serum Foundation in Warm Ivory, I feel like I am applying another serum, not a foundation."" - @risabae_art

#SerumFoundation #IntensiveSkinSerumFoundation #BobbiBrown #BBAmbassador @BobbiBrown @BobbiBrownkorea #ÏÑ∏ÎüºÌååÏö¥Îç∞Ïù¥ÏÖò #Í¥ëÏ±ÑÌååÎç∞ #Î∞îÎπÑÎ∏åÎùºÏö¥",0,0,4,0,0,0,,
0,2017-02-13T04:00:03+0000,146241435387419_1480087602002789,https://www.facebook.com/bobbibrown.sg/photos/a.147802145231348.25928.146241435387419/1480087602002789/?type=3,"""You know I do my own makeup for broadcast shootings sometimes and Serum Foundation in Sand is my all-time favorite each time. Its luxurious finish and special skincare effect make me always perfect on screen and in real life."" - @_kimjaekyung_

#SerumFoundation #IntensiveSkinSerumFoundation #BobbiBrown #BBAmbassador @BobbiBrown @BobbiBrownkorea #ÏÑ∏ÎüºÌååÏö¥Îç∞Ïù¥ÏÖò #Í¥ëÏ±ÑÌååÎç∞ #Î∞îÎπÑÎ∏åÎùºÏö¥",0,0,5,0,0,0,1.0,
0,2017-02-10T11:03:30+0000,146241435387419_1480086235336259,https://www.facebook.com/bobbibrown.sg/photos/a.147802145231348.25928.146241435387419/1480086235336259/?type=3,"""I'm in love with Bobbi Brown Intensive Skin Serum Foundation with SPF in Warm Beige because it gives my skin radiance, clarity and luminosity, making my skin firmer and smoother looking all day! It's the perfect fusion of treatment and makeup!"" - @idaandu

#SerumFoundation #IntensiveSkinSerumFoundation #BobbiBrown #BBAmbassador @BobbiBrown",0,0,9,0,0,0,,
0,2017-02-09T11:02:04+0000,146241435387419_1479222335422649,https://www.facebook.com/bobbibrown.sg/photos/a.147802145231348.25928.146241435387419/1479222335422649/?type=3,"Oil or Milk?

Our Soothing Cleansing Milk is here! The much anticipated skincare product is a cleanser-oil-lotion hybrid which contains Chia Seed Oils - a major superfood that also works wonders as a skin ingredient!

It is great for double cleansing too! Simply start with the Original Soothing Cleansing Oil to remove your makeup, followed by the Soothing Cleansing Milk to refresh and hydrate the skin.
Visit our studios today to get a travel sized sample today!

#BeWhoYouAre #BobbiBrownSG",0,0,10,0,0,0,,
0,2017-02-10T11:00:23+0000,146241435387419_1480086108669605,https://www.facebook.com/bobbibrown.sg/photos/a.147802145231348.25928.146241435387419/1480085422003007/?type=3,"""Confidence is healthy beautiful skin. Bobbi's Intensive Skin Serum Foundation with SPF in Warm Beige helps me achieve a flawlessly natural look, instantly!"" - @idaandu

#SerumFoundation #IntensiveSkinSerumFoundation #BobbiBrown #BBAmbassador",0,0,1,0,0,0,,
0,2017-02-06T10:00:05+0000,146241435387419_1476179335726949,https://www.facebook.com/bobbibrown.sg/photos/a.147802145231348.25928.146241435387419/1476179335726949/?type=3,"""Enjoying my coffee and foundation on my working day üòäI have really been enjoying Bobbi Brown Intensive Skin Serum foundation for months now!! It is a skin serum that has sheer foundation inside so it's really good for days that I want my skin to look real but healthy! Fast absorption and brings out the healthy glow."" - Pearypie: Make-up Artist/Theatrical Artist

#SerumFoundation #IntensiveSkinSerumFoundation #BobbiBrown #BBAmbassador",0,0,7,1,0,0,,
